﻿<parameters>
  <parameter name="IIS Web Application Name" defaultValue="Default Web Site/OnlineContact_deploy" tags="IisApp">
    <parameterEntry kind="ProviderPath" scope="IisApp" match="^C:\\githubproject\\contactmanagement\\ContactManagement\\OnlineContact\\obj\\Debug\\Package\\PackageTmp$" />
    <parameterEntry kind="ProviderPath" scope="setAcl" match="^C:\\githubproject\\contactmanagement\\ContactManagement\\OnlineContact\\obj\\Debug\\Package\\PackageTmp$" />
  </parameter>
  <parameter name="LocalMySqlServer-Web.config Connection String" description="LocalMySqlServer Connection String used in web.config by the application to access the database." defaultValue="Datasource=192.168.0.11;Database=entityframework;uid=alexandre;pwd=jalilwam;" tags="SqlConnectionString">
    <parameterEntry kind="XmlFile" scope="C:\\githubproject\\contactmanagement\\ContactManagement\\OnlineContact\\obj\\Debug\\Package\\PackageTmp\\Web\.config$" match="/configuration/connectionStrings/add[@name='LocalMySqlServer']/@connectionString" />
  </parameter>
  <parameter name="DefaultConnection-Web.config Connection String" description="DefaultConnection Connection String used in web.config by the application to access the database." defaultValue="Data Source=.\SQLEXPRESS;Initial Catalog=aspnet-OnlineContact-20140311214013;Integrated Security=SSPI" tags="SqlConnectionString">
    <parameterEntry kind="XmlFile" scope="C:\\githubproject\\contactmanagement\\ContactManagement\\OnlineContact\\obj\\Debug\\Package\\PackageTmp\\Web\.config$" match="/configuration/connectionStrings/add[@name='DefaultConnection']/@connectionString" />
  </parameter>
  <parameter name="OnlineContact-Web.config Connection String" description="OnlineContact Connection String used in web.config by the application to access the database." defaultValue="metadata=res://*/Models.OnlinContactDB.csdl|res://*/Models.OnlinContactDB.ssdl|res://*/Models.OnlinContactDB.msl;provider=MySql.Data.MySqlClient;provider connection string=&quot;server=192.168.0.11;User Id=alexandre;password=jalilwam;Persist Security Info=True;database=entityframework&quot;" tags="SqlConnectionString">
    <parameterEntry kind="XmlFile" scope="C:\\githubproject\\contactmanagement\\ContactManagement\\OnlineContact\\obj\\Debug\\Package\\PackageTmp\\Web\.config$" match="/configuration/connectionStrings/add[@name='OnlineContact']/@connectionString" />
  </parameter>
</parameters>